Workbook

Sheet Tổng quan & Phân công
A1: KẾ HOẠCH & MA TRẬN PHÂN CÔNG UAT CÁC QUY TRÌNH CORE VELURA E-COMMERCE
A2: Phạm vi: 6 Quy trình Kinh doanh Cốt lõi (Core Storefront & Backoffice) | 6 Testers - 60 Kịch bản | Zero Formula Errors
B4: TỔNG TEST CASES | E4: ĐẠT (PASS) | H4: LỖI (FAIL) | J4: TỶ LỆ ĐẠT (PASS RATE)
B5: ='1. Thêm Giỏ Hàng & PDP'!I2 + '2. Mua Hàng & Thanh Toán'!I2 + '3. Hủy Đơn & Đổi Trả'!I2 + '4. Khuyến Mãi & Voucher'!I2 + '5. Đánh Giá Sản Phẩm'!I2 + '6. Quản Lý Sản Phẩm & Đơn'!I2 | E5: =COUNTIF('1. Thêm Giỏ Hàng & PDP'!H4:H13, "Pass") + COUNTIF('2. Mua Hàng & Thanh Toán'!H4:H13, "Pass") + COUNTIF('3. Hủy Đơn & Đổi Trả'!H4:H13, "Pass") + COUNTIF('4. Khuyến Mãi & Voucher'!H4:H13, "Pass") + COUNTIF('5. Đánh Giá Sản Phẩm'!H4:H13, "Pass") + COUNTIF('6. Quản Lý Sản Phẩm & Đơn'!H4:H13, "Pass") | H5: =COUNTIF('1. Thêm Giỏ Hàng & PDP'!H4:H13, "Fail") + COUNTIF('2. Mua Hàng & Thanh Toán'!H4:H13, "Fail") + COUNTIF('3. Hủy Đơn & Đổi Trả'!H4:H13, "Fail") + COUNTIF('4. Khuyến Mãi & Voucher'!H4:H13, "Fail") + COUNTIF('5. Đánh Giá Sản Phẩm'!H4:H13, "Fail") + COUNTIF('6. Quản Lý Sản Phẩm & Đơn'!H4:H13, "Fail") | J5: =IF(B5>0, E5/B5, 0)
B6: 6 Quy trình Core E2E | E6: Kịch bản vượt qua | H6: Cần DEV xử lý | J6: Mục tiêu: >= 95%
A8: 1. MA TRẬN PHÂN CÔNG 6 NHÂN SỰ UAT & TÀI KHOẢN TRUY CẬP (MỖI NGƯỜI 1 TAB CORE)
A9: Mã Tester | B9: Họ và Tên | C9: Vai Trò (Persona) | D9: Tab Quy Trình Phụ Trách | E9: Tài Khoản Đăng Nhập | F9: Mật Khẩu Mặc Định | G9: Số Lượng TC | H9: Số TC Đạt | I9: Số TC Lỗi | J9: Tỷ Lệ Đạt | K9: Trạng Thái Tiến Độ
A10: Tester 01 | B10: Nguyễn Thị Ánh | C10: Khách Shopper Online | D10: 1. Thêm Giỏ Hàng & PDP | E10: shopper.uat@velura.test | F10: Velura@2026 | G10: ='1. Thêm Giỏ Hàng & PDP'!I2 | H10: =COUNTIF('1. Thêm Giỏ Hàng & PDP'!H4:H13, "Pass") | I10: =COUNTIF('1. Thêm Giỏ Hàng & PDP'!H4:H13, "Fail") | J10: =IF(G10>0, H10/G10, 0) | K10: =IF(J10>=0.95, "Sẵn sàng Release", IF(I10>0, "Đang có Bug chặn", "Đang kiểm thử"))
A11: Tester 02 | B11: Trần Quốc Bảo | C11: Khách Mua Ngay & Checkout | D11: 2. Mua Hàng & Thanh Toán | E11: shopper.checkout@velura.test | F11: Velura@2026 | G11: ='2. Mua Hàng & Thanh Toán'!I2 | H11: =COUNTIF('2. Mua Hàng & Thanh Toán'!H4:H13, "Pass") | I11: =COUNTIF('2. Mua Hàng & Thanh Toán'!H4:H13, "Fail") | J11: =IF(G11>0, H11/G11, 0) | K11: =IF(J11>=0.95, "Sẵn sàng Release", IF(I11>0, "Đang có Bug chặn", "Đang kiểm thử"))
A12: Tester 03 | B12: Lê Hoàng Châu | C12: Khách Hậu Mãi & CSKH RMA | D12: 3. Hủy Đơn & Đổi Trả | E12: customer.rma@velura.test | F12: Velura@2026 | G12: ='3. Hủy Đơn & Đổi Trả'!I2 | H12: =COUNTIF('3. Hủy Đơn & Đổi Trả'!H4:H13, "Pass") | I12: =COUNTIF('3. Hủy Đơn & Đổi Trả'!H4:H13, "Fail") | J12: =IF(G12>0, H12/G12, 0) | K12: =IF(J12>=0.95, "Sẵn sàng Release", IF(I12>0, "Đang có Bug chặn", "Đang kiểm thử"))
A13: Tester 04 | B13: Phạm Văn Dũng | C13: Trưởng Phòng MKT & Săn Sale | D13: 4. Khuyến Mãi & Voucher | E13: admin.marketing@velura.vn | F13: Admin@2026 | G13: ='4. Khuyến Mãi & Voucher'!I2 | H13: =COUNTIF('4. Khuyến Mãi & Voucher'!H4:H13, "Pass") | I13: =COUNTIF('4. Khuyến Mãi & Voucher'!H4:H13, "Fail") | J13: =IF(G13>0, H13/G13, 0) | K13: =IF(J13>=0.95, "Sẵn sàng Release", IF(I13>0, "Đang có Bug chặn", "Đang kiểm thử"))
A14: Tester 05 | B14: Đặng Thị Mai | C14: Khách Review & CSKH Duyệt | D14: 5. Đánh Giá Sản Phẩm | E14: chau.le@gmail.test | F14: Velura@2026 | G14: ='5. Đánh Giá Sản Phẩm'!I2 | H14: =COUNTIF('5. Đánh Giá Sản Phẩm'!H4:H13, "Pass") | I14: =COUNTIF('5. Đánh Giá Sản Phẩm'!H4:H13, "Fail") | J14: =IF(G14>0, H14/G14, 0) | K14: =IF(J14>=0.95, "Sẵn sàng Release", IF(I14>0, "Đang có Bug chặn", "Đang kiểm thử"))
A15: Tester 06 | B15: Vũ Minh Tuấn | C15: Quản Trị Catalog & Vận Hành | D15: 6. Quản Lý Sản Phẩm & Đơn | E15: admin.operator@velura.vn | F15: Admin@2026 | G15: ='6. Quản Lý Sản Phẩm & Đơn'!I2 | H15: =COUNTIF('6. Quản Lý Sản Phẩm & Đơn'!H4:H13, "Pass") | I15: =COUNTIF('6. Quản Lý Sản Phẩm & Đơn'!H4:H13, "Fail") | J15: =IF(G15>0, H15/G15, 0) | K15: =IF(J15>=0.95, "Sẵn sàng Release", IF(I15>0, "Đang có Bug chặn", "Đang kiểm thử"))
A16: TỔNG CỘNG 6 QUY TRÌNH CORE | G16: =SUM(G10:G15) | H16: =SUM(H10:H15) | I16: =SUM(I10:I15) | J16: =IF(G16>0, H16/G16, 0) | K16: =IF(J16>=0.95, "ĐẠT NGHIỆM THU", "CHƯA ĐẠT")
A18: 2. QUY CHUẨN ĐÁNH GIÁ MỨC ĐỘ LỖI (DEFECT SEVERITY) & CAM KẾT XỬ LÝ (SLA)
A19: Mức độ | B19: Định nghĩa kỹ thuật | C19: Tác động nghiệp vụ | D19: Ví dụ thực tế trong Velura | E19: Cam kết SLA Fix
A20: Blocker | B20: Lỗi sập luồng (Crash/500), dừng toàn bộ quy trình, không có cách giải quyết thay thế (No Workaround). | C20: Khách không thể thanh toán, mất doanh thu lập tức. | D20: Lỗi thanh toán Stripe 500; Hết hàng tồn nhưng nút Mua ngay vẫn không khóa; Kho không nhận được hàng. | E20: Khắc phục <= 2h
A21: Critical | B21: Chức năng chính bị hỏng nặng, sai lệch tiền tệ, tính sai giá trị hoàn trả hoặc sai tồn kho. | C21: Ảnh hưởng dữ liệu tài chính, thất thoát doanh thu hoặc tiền hoàn. | D21: Số tiền hoàn đổi trả cho phép sửa tay; Voucher áp dụng sai chiết khấu; Đơn hàng không cập nhật tồn kho. | E21: Khắc phục <= 6h
A22: Major | B22: Chức năng quan trọng không đúng thiết kế nhưng có phương án giải quyết tạm thời. | C22: Gây trải nghiệm xấu cho người dùng, làm gián đoạn nhưng vẫn hoàn tất được đơn. | D22: Dropdown menu thao tác đổi trả bị vỡ giao diện; Không tải được ảnh review; Voucher sinh nhật không tự nạp. | E22: Khắc phục <= 24h
A23: Minor | B23: Lỗi giao diện (UI), sai chính tả, lệch khoảng cách padding, thiếu tooltip thông tin. | C23: Không ảnh hưởng đến logic nghiệp vụ cốt lõi. | D23: Icon căn lệch 2px; Màu sắc badge chưa chuẩn token thiết kế; Thiếu placeholder hướng dẫn. | E23: Khắc phục Sprint tới

Sheet 1. Thêm Giỏ Hàng & PDP
A1: QUY TRÌNH 1: KHÁM PHÁ SẢN PHẨM, BIẾN THỂ PDP, KHÓA HẾT HÀNG & THÊM GIỎ HÀNG NHANH | Tester 01: Nguyễn Thị Ánh (Khách Mua Sắm Online (Shopper))
A2: Tài khoản Test: Khách vãng lai & Thành viên: shopper.uat@velura.test / Pass: Velura@2026 | E2: URL Truy cập: Storefront: http://localhost:4200 (hoặc https://royalai.dev) | H2: Tổng Test Cases: | I2: =COUNTA(A4:A13) | J2: Mục tiêu: Đạt 100%
A3: Mã TC | B3: Tên Kịch Bản | C3: Tiền Điều Kiện | D3: Các Bước Thực Hiện (Test Steps) | E3: Dữ Liệu Test | F3: Kết Quả Mong Đợi | G3: Kết Quả Thực Tế | H3: Trạng Thái | I3: Mức Độ | J3: Ghi Chú / Bug ID
A4: TC-CART-01 | B4: Tìm kiếm & Lọc danh mục sản phẩm | C4: Khách truy cập trang chủ Velura Storefront | D4: 1. Nhập từ khóa 'áo sơ mi lụa' vào thanh tìm kiếm header. 2. Lọc danh mục: Áo, Khoảng giá 300.000đ - 1.000.000đ, Màu Trắng. 3. Kiểm tra danh sách kết quả hiển thị. | E4: Từ khóa: 'áo sơ mi lụa' | Lọc: Áo, 300k-1tr | F4: Hệ thống trả về danh sách sản phẩm đúng tiêu chí lọc trong < 1s; hiển thị ảnh đại diện, tên, giá bán và badge giảm giá nếu có. | H4: Untested | I4: Major
A5: TC-CART-02 | B5: Chi tiết sản phẩm (PDP) - Phối hợp biến thể Màu & Size | C5: User mở trang chi tiết sản phẩm thời trang nhiều biến thể | D5: 1. Mở trang PDP `/products/ao-so-mi-lua-velura-01`. 2. Lần lượt click chọn các ô Màu sắc: Trắng -> Đen -> Be. 3. Chọn Kích thước: S -> M -> L. 4. Quan sát hình ảnh gallery và giá tiền tương ứng. | E5: Sản phẩm: Áo Sơ Mi Lụa Cao Cấp (SP-001) | F5: Ảnh sản phẩm chính lập tức đổi theo màu sắc vừa chọn; Giá tiền và thông tin tồn kho cập nhật mượt mà, không giật lag. | H5: Untested | I5: Critical
A6: TC-CART-03 | B6: Đổi ảnh gallery theo màu sắc đã chọn | C6: Đang ở trang PDP sản phẩm nhiều màu | D6: 1. Bấm chọn màu 'Be' -> Quan sát bộ ảnh thu nhỏ (thumbnails). 2. Bấm chọn ảnh thumbnail để phóng to xem chất liệu vải. | E6: Màu Be | Thumbnails góc chụp | F6: Toàn bộ gallery ảnh chuyển sang các góc chụp của phiên bản màu Be; Ảnh zoom sắc nét, rõ thớ vải. | H6: Untested | I6: Major
A7: TC-CART-04 | B7: Kiểm tra khóa thao tác khi biến thể HẾT HÀNG (Out of Stock) | C7: Sản phẩm có ít nhất 1 biến thể có số lượng tồn kho = 0 | D7: 1. Trên trang PDP, chọn biến thể Màu 'Đen' - Size 'XL' (tồn kho = 0). 2. Kiểm tra giao diện hiển thị của nút Màu/Size và nút hành động. 3. Thử nhấn vào nút 'Thêm vào giỏ' và 'Mua ngay'. | E7: Biến thể: Đen - XL (Stock = 0) | F7: Ô biến thể bị gạch chéo mờ (disabled); Cả hai nút 'Thêm vào giỏ' và 'Mua ngay' đều bị vô hiệu hóa (disabled), hiển thị badge 'Hết hàng'. Chặn hoàn toàn không cho mua. | H7: Untested | I7: Blocker
A8: TC-CART-05 | B8: Nút 'Thêm nhanh vào giỏ hàng' (Quick Add) | C8: Sản phẩm còn hàng trong kho | D8: 1. Chọn biến thể còn hàng (Màu Trắng - Size M). 2. Nhấn nút 'Thêm vào giỏ hàng'. 3. Quan sát góc trên bên phải màn hình và icon giỏ hàng. | E8: Biến thể: Trắng - M (Stock = 25) | F8: Hiển thị Toast thông báo 'Đã thêm vào giỏ hàng thành công!'; Icon giỏ hàng tăng số lượng tức thì; Không bị chuyển hướng trang ngoài ý muốn. | H8: Untested | I8: Major
A9: TC-CART-06 | B9: Xem Giỏ hàng `/cart` - Kiểm tra thông tin hiển thị | C9: Đã thêm ít nhất 2 sản phẩm vào giỏ | D9: 1. Nhấn vào icon giỏ hàng trên Header -> Chọn 'Xem giỏ hàng' (`/cart`). 2. Kiểm tra ảnh thumbnail, tên sản phẩm, biến thể màu/size, đơn giá, số lượng. | E9: Trang `/cart` | F9: Danh sách sản phẩm trong giỏ hiển thị rõ ràng, đúng biến thể đã chọn; Hiển thị đúng đơn giá và dòng tạm tính. | H9: Untested | I9: Critical
A10: TC-CART-07 | B10: Cập nhật số lượng sản phẩm trong giỏ hàng | C10: Đang ở trang `/cart` | D10: 1. Nhấn nút '+' để tăng số lượng từ 1 lên 3 chiếc. 2. Nhấn nút '-' để giảm xuống 2 chiếc. 3. Quan sát tạm tính và tổng tiền. | E10: Số lượng: 1 -> 3 -> 2 | F10: Tạm tính và tổng tiền tự động tính lại chuẩn xác tức thì theo công thức; Không cần tải lại trang. | H10: Untested | I10: Critical
A11: TC-CART-08 | B11: Đổi biến thể Màu/Size trực tiếp ngay trong giỏ hàng | C11: Sản phẩm trong giỏ hàng có nhiều biến thể còn hàng | D11: 1. Tại dòng sản phẩm trong giỏ, bấm vào dropdown chọn Size. 2. Đổi từ Size 'M' sang Size 'L'. 3. Kiểm tra biến thể hiển thị sau khi đổi. | E11: Đổi Size M -> L trong cart | F11: Biến thể cập nhật ngay lập tức sang Size L; Giá và số lượng được giữ nguyên; Không phải quay lại trang PDP. | H11: Untested | I11: Major
A12: TC-CART-09 | B12: Xóa sản phẩm khỏi giỏ hàng | C12: Giỏ hàng có sản phẩm | D12: 1. Bấm vào icon thùng rác (Xóa) tại 1 sản phẩm. 2. Xác nhận xóa trên modal / toast thông báo. 3. Thử xóa toàn bộ sản phẩm để kiểm tra giao diện giỏ hàng trống. | E12: Thao tác Xóa sản phẩm | F12: Sản phẩm bị gỡ khỏi giỏ hàng; Tổng tiền giảm tương ứng; Khi giỏ trống hiển thị màn hình Empty state đẹp mắt kèm nút 'Tiếp tục mua sắm'. | H12: Untested | I12: Major
A13: TC-CART-10 | B13: Lưu trữ giỏ hàng (Cart Persistence) | C13: Giỏ hàng đang có sản phẩm | D13: 1. Đóng trình duyệt hoặc nhấn F5 làm mới trang. 2. Mở lại trang `/cart` kiểm tra danh sách sản phẩm. | E13: F5 refresh / mở lại tab | F13: Toàn bộ sản phẩm và số lượng trong giỏ hàng vẫn được lưu giữ nguyên vẹn qua LocalStorage/Session. | H13: Untested | I13: Critical

Sheet 2. Mua Hàng & Thanh Toán
A1: QUY TRÌNH 2: NÚT MUA NGAY, CHECKOUT GUEST (COD) & THÀNH VIÊN (STRIPE CARD), XÁC NHẬN ĐƠN | Tester 02: Trần Quốc Bảo (Khách Mua Ngay & Thanh Toán (Checkout Specialist))
A2: Tài khoản Test: Guest Checkout & Member: shopper.checkout@velura.test / Pass: Velura@2026 | E2: URL Truy cập: Storefront: http://localhost:4200/checkout (hoặc /checkout/guest) | H2: Tổng Test Cases: | I2: =COUNTA(A4:A13) | J2: Mục tiêu: Đạt 100%
A3: Mã TC | B3: Tên Kịch Bản | C3: Tiền Điều Kiện | D3: Các Bước Thực Hiện (Test Steps) | E3: Dữ Liệu Test | F3: Kết Quả Mong Đợi | G3: Kết Quả Thực Tế | H3: Trạng Thái | I3: Mức Độ | J3: Ghi Chú / Bug ID
A4: TC-CHECKOUT-01 | B4: Nút 'Mua ngay' chuyển thẳng Checkout (Buy Now) | C4: Sản phẩm còn hàng trong kho | D4: 1. Trên trang PDP, chọn biến thể Màu Be - Size S. 2. Nhấn nút 'Mua ngay'. 3. Kiểm tra trang đích được chuyển đến và danh sách sản phẩm trong đơn. | E4: Biến thể: Be - S | Số lượng: 1 | F4: Hệ thống chuyển thẳng lập tức sang trang `/checkout` (hoặc `/checkout/guest`); Đúng sản phẩm và biến thể vừa chọn được nạp sẵn vào tóm tắt đơn. | H4: Untested | I4: Critical
A5: TC-CHECKOUT-02 | B5: Điền thông tin giao hàng Khách vãng lai (`/checkout/guest`) | C5: Khách chưa đăng nhập tài khoản | D5: 1. Truy cập màn hình `/checkout/guest`. 2. Điền Họ tên: 'Lê Minh Anh', SĐT: '0987654321', Email: 'minhanh.guest@gmail.test'. 3. Chọn Tỉnh/Thành phố: 'TP. Hồ Chí Minh', Quận/Huyện: 'Quận 1', Phường/Xã: 'Bến Nghé', Địa chỉ số nhà. | E5: Thông tin giao hàng hợp lệ | F5: Form tự động load danh sách quận huyện theo tỉnh thành; Validate đúng định dạng SĐT (10 số) và email. | H5: Untested | I5: Critical
A6: TC-CHECKOUT-03 | B6: Đặt hàng COD Khách vãng lai & Nhận mã đơn hàng | C6: Đã điền thông tin giao hàng ở bước trước | D6: 1. Chọn phương thức 'Thanh toán khi nhận hàng (COD)'. 2. Nhấn 'Đặt hàng ngay'. 3. Kiểm tra màn hình đặt hàng thành công `/checkout/confirm`. | E6: Phương thức: COD | F6: Đặt hàng thành công; Chuyển hướng sang `/checkout/confirm`; Hiển thị Mã đơn hàng định dạng `VEL-2026-XXXX`; Hiển thị banner mời kích hoạt tài khoản thành viên tích điểm. | H6: Untested | I6: Blocker
A7: TC-CHECKOUT-04 | B7: Tùy chọn Gói quà tặng cao cấp & Thiệp chúc mừng | C7: Đang ở màn hình thanh toán | D7: 1. Tích chọn 'Gói quà cao cấp & Thiệp viết tay (+50.000đ)'. 2. Nhập lời chúc: 'Chúc mừng sinh nhật bạn thân!'. 3. Kiểm tra bảng tóm tắt chi phí. | E7: Option Gói quà: +50.000đ | F7: Tổng tiền thanh toán cộng thêm đúng 50.000đ phí gói quà; Lời nhắn thiệp được ghi nhận vào dữ liệu đơn hàng. | H7: Untested | I7: Major
A8: TC-CHECKOUT-05 | B8: Yêu cầu Xuất hóa đơn điện tử VAT công ty | C8: Đang ở màn hình thanh toán | D8: 1. Tích chọn 'Yêu cầu xuất hóa đơn VAT'. 2. Nhập Tên công ty: 'Công ty Cổ phần Công nghệ Velura', MST: '0316889988', Địa chỉ, Email nhận HĐĐT. 3. Kiểm tra validate mã số thuế. | E8: MST: 0316889988 | F8: Thông tin hóa đơn VAT được ghi nhận đầy đủ, không cho phép nhập MST sai định dạng; Thông tin đính kèm vào chi tiết đơn. | H8: Untested | I8: Major
A9: TC-CHECKOUT-06 | B9: Checkout Thành viên (`/checkout/user`) - Nạp sổ địa chỉ | C9: Khách đã đăng nhập tài khoản thành viên | D9: 1. Đăng nhập tài khoản `shopper.checkout@velura.test`. 2. Mở `/checkout/user` -> Kiểm tra thông tin họ tên, SĐT và địa chỉ mặc định được điền tự động. 3. Thử chuyển đổi giữa 2 địa chỉ đã lưu. | E9: Tài khoản thành viên đã lưu sổ địa chỉ | F9: Địa chỉ giao hàng nạp tự động tức thì; Phí vận chuyển được tính chuẩn xác theo vùng địa lý. | H9: Untested | I9: Critical
A10: TC-CHECKOUT-07 | B10: Thanh toán Thẻ tín dụng Quốc tế Stripe Thành viên | C10: Tại màn hình `/checkout/user` | D10: 1. Chọn phương thức thanh toán 'Thẻ tín dụng / Ghi nợ quốc tế (Stripe)'. 2. Nhập thẻ test Stripe: Số thẻ `4242 4242 4242 4242`, Hạn `12/28`, CVC `123`, Zip `70000`. 3. Nhấn 'Thanh toán ngay'. | E10: Thẻ Stripe Test: 4242424242424242 | F10: Cổng Stripe xác thực thành công trong 2 giây; Hệ thống ghi nhận trạng thái thanh toán `PAID`; Đơn hàng hoàn tất. | H10: Untested | I10: Blocker
A11: TC-CHECKOUT-08 | B11: Xử lý ngoại lệ Thẻ Stripe bị từ chối / Hết hạn | C11: Tại màn hình thanh toán thẻ Stripe | D11: 1. Nhập thẻ test từ chối của Stripe: `4000 0000 0000 0002` (Card declined). 2. Nhấn 'Thanh toán ngay'. 3. Quan sát phản hồi của hệ thống. | E11: Thẻ lỗi: 4000000000000002 | F11: Hệ thống hiển thị thông báo lỗi rõ ràng: 'Thẻ của bạn đã bị từ chối. Vui lòng thử thẻ khác hoặc chọn COD'; Giỏ hàng không bị xóa mất. | H11: Untested | I11: Critical
A12: TC-CHECKOUT-09 | B12: Kiểm tra trang Xác nhận Đơn hàng `/checkout/confirm` | C12: Đơn hàng thanh toán thành công | D12: 1. Kiểm tra màn hình `/checkout/confirm`. 2. Đối chiếu mã đơn, danh sách sản phẩm, số tiền đã trừ, phương thức thanh toán, địa chỉ nhận hàng. 3. Bấm nút 'Theo dõi đơn hàng'. | E12: Màn hình xác nhận đơn | F12: Giao diện chúc mừng đặt hàng thành công chuyên nghiệp, đầy đủ thông tin; Bấm 'Theo dõi đơn hàng' điều hướng đúng trang tra cứu tiến độ. | H12: Untested | I12: Major
A13: TC-CHECKOUT-10 | B13: Gửi Email Xác nhận Đơn hàng Tự động | C13: Đơn hàng đặt thành công ở bước trước | D13: 1. Mở hòm thư email của khách hàng đã nhập khi đặt hàng. 2. Kiểm tra email gửi từ Velura Storefront. 3. Kiểm tra chi tiết đơn hàng và link tra cứu trong email. | E13: Email khách hàng | F13: Email gửi về trong vòng < 30s; Layout email chuẩn nhận diện thương hiệu, thông tin sản phẩm và số tiền chuẩn xác 100%. | H13: Untested | I13: Major

Sheet 3. Hủy Đơn & Đổi Trả
A1: QUY TRÌNH 3: HỦY ĐƠN HÀNG PENDING, TẠO RMA KÈM ẢNH LỖI, CỐ ĐỊNH TIỀN HOÀN, CSKH DUYỆT & KHO QA | Tester 03: Lê Hoàng Châu (Khách Hậu Mãi & Chuyên Viên RMA CSKH)
A2: Tài khoản Test: User: customer.rma@velura.test / Pass: Velura@2026 | Admin: cskh.rma@velura.vn / Pass: Admin@2026 | E2: URL Truy cập: Storefront: http://localhost:4200/account/returns | Admin: http://localhost:4201/returns | H2: Tổng Test Cases: | I2: =COUNTA(A4:A13) | J2: Mục tiêu: Đạt 100%
A3: Mã TC | B3: Tên Kịch Bản | C3: Tiền Điều Kiện | D3: Các Bước Thực Hiện (Test Steps) | E3: Dữ Liệu Test | F3: Kết Quả Mong Đợi | G3: Kết Quả Thực Tế | H3: Trạng Thái | I3: Mức Độ | J3: Ghi Chú / Bug ID
A4: TC-RMA-01 | B4: Khách tự hủy đơn hàng Chờ xử lý (PENDING) | C4: Tài khoản có đơn hàng vừa tạo ở trạng thái PENDING | D4: 1. Đăng nhập User -> Vào trang `/account/orders`. 2. Chọn đơn hàng trạng thái 'Chờ xử lý' -> Bấm 'Xem chi tiết'. 3. Nhấn nút 'Hủy đơn hàng' -> Chọn lý do 'Muốn đổi mẫu khác'. 4. Xác nhận hủy đơn. | E4: Đơn hàng PENDING vừa đặt | F4: Đơn hàng chuyển trạng thái ngay sang `CANCELLED`; Hệ thống tự động hoàn lại số lượng tồn kho cho các sản phẩm trong đơn. | H4: Untested | I4: Critical
A5: TC-RMA-02 | B5: Kiểm tra tự động hoàn tồn kho khi hủy đơn | C5: Sản phẩm có tồn kho ban đầu là 10 chiếc, khách đặt 2 chiếc (còn 8) | D5: 1. Khách thực hiện hủy đơn hàng ở bước TC-RMA-01. 2. Vào trang sản phẩm kiểm tra lại số lượng tồn kho khả dụng. | E5: Sản phẩm trong đơn hủy | F5: Tồn kho của sản phẩm lập tức hồi phục về đúng 10 chiếc; Không bị thất thoát hay âm tồn kho. | H5: Untested | I5: Critical
A6: TC-RMA-03 | B6: Kiểm tra chặn hủy đơn khi đơn ĐÃ DUYỆT / ĐANG GIAO | C6: Đơn hàng đã chuyển sang trạng thái CONFIRMED hoặc SHIPPING | D6: 1. Vào chi tiết đơn hàng đã xuất kho hoặc đang giao. 2. Kiểm tra sự xuất hiện của nút 'Hủy đơn hàng'. | E6: Đơn hàng trạng thái SHIPPING | F6: Nút 'Hủy đơn' bị ẩn hoặc vô hiệu hóa; Hiển thị thông báo: 'Đơn hàng đang trên đường giao, vui lòng liên hệ hotline 1900-xxxx nếu cần hỗ trợ'. | H6: Untested | I6: Major
A7: TC-RMA-04 | B7: Khởi tạo Yêu cầu Đổi trả (RMA) trên đơn đã giao (DELIVERED) | C7: Đơn hàng đã ở trạng thái DELIVERED trong vòng 30 ngày | D7: 1. Vào `/account/orders` -> Chọn đơn đã giao thành công. 2. Nhấn nút 'Yêu cầu đổi / trả' -> Mở trang form `/account/returns`. 3. Chọn sản phẩm trong đơn cần đổi trả. | E7: Đơn hàng DELIVERED: Áo dạ tweed cao cấp (850.000đ) | F7: Form đổi trả tải lên thông tin đơn hàng chuẩn xác; Hiển thị quy định chính sách 30 ngày đổi trả miễn phí tận nơi. | H7: Untested | I7: Critical
A8: TC-RMA-05 | B8: Tải lên hình ảnh bằng chứng sản phẩm lỗi (Upload ảnh RMA) | C8: User có ảnh chụp chi tiết lỗi bung chỉ / rách vải của áo | D8: 1. Chọn lý do 'Sản phẩm lỗi kỹ thuật / bung chỉ'. 2. Nhấn chọn tải lên 2 file ảnh chụp lỗi sản phẩm. 3. Kiểm tra xem trước ảnh (Preview ảnh thumbnail) và thử bấm icon xóa 1 ảnh. 4. Nhập ghi chú chi tiết mô tả lỗi. | E8: 2 file ảnh JPG lỗi (< 5MB/ảnh) | F8: Ảnh tải lên hiển thị thumbnail xem trước sắc nét; Xóa ảnh hoạt động tốt; Chặn file > 5MB hoặc file sai định dạng. | H8: Untested | I8: Critical
A9: TC-RMA-06 | B9: Chọn hình thức HOÀN TIỀN (Refund) & Cố định giá trị | C9: Đang thao tác tại form tạo yêu cầu đổi trả | D9: 1. Chọn hình thức giải quyết: 'Hoàn tiền vào tài khoản'. 2. Nhập thông tin STK Ngân hàng, Tên chủ thẻ, Tên ngân hàng. 3. Kiểm tra ô 'Số tiền hoàn dự kiến'. | E9: STK: 1903xxx Techcombank | Số tiền: 850.000đ | F9: Hệ thống khóa cố định số tiền hoàn theo đúng giá trị thanh toán thực tế của sản phẩm trên hóa đơn; Khách hàng không thể sửa đổi số tiền. | H9: Untested | I9: Critical
A10: TC-RMA-07 | B10: Chọn hình thức ĐỔI HÀNG (Exchange) - Đổi Size/Màu | C10: Đang thao tác tại form tạo yêu cầu đổi trả | D10: 1. Chọn hình thức: 'Đổi sản phẩm / Đổi kích cỡ'. 2. Chọn Biến thể mới muốn đổi: Màu 'Đen' - Size 'L'. 3. Kiểm tra tồn kho của biến thể mới được chọn. 4. Bấm 'Gửi yêu cầu đổi trả'. | E10: Sản phẩm đổi: Áo dạ tweed Đen - Size L (còn hàng) | F10: Yêu cầu đổi trả được tạo thành công với mã `RMA-2026-XXXX`; Trạng thái hiển thị `REQUESTED`; User nhận được email xác nhận. | H10: Untested | I10: Critical
A11: TC-RMA-08 | B11: Admin CSKH tiếp nhận phiếu RMA & Chuyển 'CONTACTING' | C11: Admin CSKH đăng nhập trang `/admin/returns` | D11: 1. Mở danh sách đổi trả -> Thấy phiếu RMA vừa tạo. 2. Bấm nút Thao tác (icon bút chì) -> Chọn 'Liên hệ khách hàng'. 3. Nhập ghi chú: 'Đã gọi khách xác nhận địa chỉ lấy hàng đổi'. | E11: Phiếu RMA-2026-XXXX vừa tạo | F11: Trạng thái phiếu đổi sang `CONTACTING`; Cột Thao tác đổi dropdown menu tương ứng; Không bị xô lệch layout nút bấm. | H11: Untested | I11: Major
A12: TC-RMA-09 | B12: Admin CSKH phê duyệt Đổi hàng / Hoàn tiền (APPROVED) | C12: Phiếu RMA đang ở trạng thái CONTACTING | D12: 1. Tại cột Thao tác, click mở Dropdown menu hành động. 2. Chọn 'Phê duyệt đổi hàng' (hoặc 'Phê duyệt hoàn tiền'). 3. Nhập hướng dẫn gửi hàng cho khách: 'Shipper Velura sẽ đến thu hồi kiện hàng tận nơi trong 24h'. 4. Xác nhận duyệt. | E12: Ghi chú phê duyệt CSKH | F12: Phiếu chuyển trạng thái `APPROVED`; Khách hàng kiểm tra giao diện Storefront `/account/returns` thấy ngay trạng thái đổi sang 'Đã được duyệt'. | H12: Untested | I12: Critical
A13: TC-RMA-10 | B13: Kho nhận hàng & Kiểm định QA (QA Inspection & Hoàn tiền) | C13: Kiện hàng khách gửi về kho (Trạng thái RETURNING) | D13: 1. Thủ kho đăng nhập Admin -> Mở chi tiết phiếu RMA. 2. Bấm 'Tiếp nhận kiện hàng' -> Chuyển sang `RECEIVED`. 3. Tiến hành kiểm định chất lượng: Chọn 'QA Pass'. 4. Bấm 'Hoàn tiền cho khách' (Stripe hoàn tự động hoặc xác nhận chuyển khoản COD). | E13: Kiểm tra tem mác, độ nguyên vẹn vải | F13: Trạng thái chuyển sang `REFUNDED` / `COMPLETED`; Đơn hàng kết thúc chu trình; Ghi log kiểm định chất lượng vào lịch sử RMA. | H13: Untested | I13: Blocker

Sheet 4. Khuyến Mãi & Voucher
A1: QUY TRÌNH 4: QUẢN TRỊ VOUCHER ADMIN, ĐỒNG BỘ STOREFRONT, VÍ SINH NHẬT & RÀNG BUỘC CHECKOUT | Tester 04: Phạm Văn Dũng (Trưởng Phòng Marketing & Khách Hàng Săn Ưu Đãi)
A2: Tài khoản Test: Admin MKT: admin.marketing@velura.vn / Pass: Admin@2026 | User: member.promo@velura.test / Pass: Velura@2026 | E2: URL Truy cập: Admin: http://localhost:4201/promotions | User: http://localhost:4200/offers & /checkout | H2: Tổng Test Cases: | I2: =COUNTA(A4:A13) | J2: Mục tiêu: Đạt 100%
A3: Mã TC | B3: Tên Kịch Bản | C3: Tiền Điều Kiện | D3: Các Bước Thực Hiện (Test Steps) | E3: Dữ Liệu Test | F3: Kết Quả Mong Đợi | G3: Kết Quả Thực Tế | H3: Trạng Thái | I3: Mức Độ | J3: Ghi Chú / Bug ID
A4: TC-PROMO-01 | B4: Admin Tạo Chiến Dịch Khuyến Mãi Mới (Campaign Creation) | C4: Admin Marketing đăng nhập vào trang `/admin/promotions` | D4: 1. Mở tab 'Chiến dịch' (Campaigns) -> Bấm 'Thêm chiến dịch mới'. 2. Nhập Tên chiến dịch: 'Lễ Hội Thời Trang Mùa Thu Velura 2026'. 3. Chọn Thời gian: Từ ngày hiện tại đến hết tháng. 4. Nhập mô tả chiến dịch và bấm 'Lưu chiến dịch'. | E4: Chiến dịch: Lễ Hội Mùa Thu 2026 | F4: Chiến dịch mới được tạo thành công, xuất hiện ở đầu danh sách chiến dịch đang hoạt động; Ghi nhận nhật ký tạo chiến dịch vào audit log. | H4: Untested | I4: Critical
A5: TC-PROMO-02 | B5: Admin Tạo Mã Giảm Giá Voucher Theo % (Percentage Voucher) | C5: Đang ở trang quản lý khuyến mãi `/admin/promotions` | D5: 1. Mở tab 'Mã giảm giá' (Vouchers) -> Bấm 'Tạo mã voucher'. 2. Nhập Mã: `VELURA20` | Loại: Giảm 20% giá trị đơn hàng. 3. Thiết lập Ràng buộc: Đơn tối thiểu `500.000đ`, Giảm tối đa `100.000đ`. 4. Giới hạn: 500 lượt dùng, mỗi user dùng tối đa 1 lần. 5. Bấm 'Lưu voucher'. | E5: Mã: VELURA20 | Giảm: 20% | Min: 500k | Max giảm: 100k | F5: Voucher tạo thành công, hiển thị trạng thái 'Đang hoạt động'; Ràng buộc giá trị đơn tối thiểu và mức giảm tối đa được lưu đúng cơ sở dữ liệu. | H5: Untested | I5: Critical
A6: TC-PROMO-03 | B6: Admin Cấu hình Voucher Độc Quyền Sinh Nhật Khách Hàng (Birthday Voucher) | C6: Tạo mã ưu đãi dành riêng cho chương trình quà sinh nhật | D6: 1. Bấm 'Tạo mã voucher' -> Nhập Mã: `HPBD2026`. 2. Loại giảm giá: Giảm tiền mặt cố định `150.000đ`. 3. Đơn hàng tối thiểu: `600.000đ`. 4. Đánh dấu tích chọn: 'Áp dụng cho chương trình Quà tặng Sinh nhật thành viên'. 5. Lưu voucher. | E6: Mã: HPBD2026 | Giảm: 150.000đ | Min order: 600.000đ | F6: Hệ thống lưu cấu hình voucher sinh nhật; Tự động kích hoạt cơ chế đồng bộ cho các khách hàng có sinh nhật trong tháng. | H6: Untested | I6: Critical
A7: TC-PROMO-04 | B7: Admin Bật / Tắt Trạng Thái & Kiểm tra Nhật Ký Khuyến Mãi (Audit Log) | C7: Danh sách voucher đã tạo | D7: 1. Tìm mã `VELURA20` -> Bấm nút gạt Tắt trạng thái kích hoạt. 2. Kiểm tra voucher chuyển sang trạng thái 'Tạm ngưng'. 3. Chuyển sang tab 'Nhật ký' (Audit logs) của phân hệ khuyến mãi. 4. Kiểm tra lịch sử ghi lại hành động của admin. | E7: Voucher VELURA20 | F7: Trạng thái voucher cập nhật tức thì; Tab Nhật ký ghi lại chính xác: 'Admin admin.marketing@velura.vn đã vô hiệu hóa voucher VELURA20 lúc HH:mm:ss'. | H7: Untested | I7: Major
A8: TC-PROMO-05 | B8: Đồng bộ Chiến dịch & Voucher sang Trang Ưu Đãi Storefront (`/offers`) | C8: Khách hàng truy cập Storefront | D8: 1. Bật lại voucher `VELURA20` bên Admin. 2. Mở trình duyệt khách hàng truy cập trang `/offers`. 3. Quan sát các banner chiến dịch và thẻ mã giảm giá hiển thị. | E8: Trang Storefront `/offers` | F8: Các voucher công khai đang hoạt động bên Admin lập tức đồng bộ hiển thị trên trang `/offers`; Khách có thể bấm nút 'Sao chép mã' để lưu vào bộ nhớ tạm. | H8: Untested | I8: Critical
A9: TC-PROMO-06 | B9: Đồng bộ Tự Động Voucher Sinh Nhật vào Ví Thành Viên (`/account/vouchers`) | C9: Khách hàng có thông tin ngày sinh nhật trong tháng hiện tại | D9: 1. Đăng nhập tài khoản `member.promo@velura.test` (sinh nhật trong tháng). 2. Truy cập trang cá nhân -> Mở 'Ví Voucher' (`/account/vouchers`). 3. Kiểm tra danh sách voucher cá nhân. | E9: Tài khoản có sinh nhật trong tháng | F9: Mã ưu đãi sinh nhật `HPBD2026` tự động xuất hiện trong ví với badge 'Quà tặng Sinh nhật'; Hiển thị số tiền giảm 150.000đ và thời hạn sử dụng đến hết tháng. | H9: Untested | I9: Critical
A10: TC-PROMO-07 | B10: Áp dụng Voucher Thành Công tại màn hình Thanh toán Checkout (`/checkout`) | C10: Khách hàng có giỏ hàng thỏa mãn điều kiện áp dụng | D10: 1. Mua sản phẩm có tổng giá trị `800.000đ` (> 600.000đ). 2. Tiến hành vào trang `/checkout`. 3. Tại ô 'Mã giảm giá', nhập mã `HPBD2026` -> Nhấn nút 'Áp dụng'. 4. Quan sát bảng tóm tắt chi phí đơn hàng. | E10: Đơn hàng 800.000đ | Mã: HPBD2026 | F10: Hệ thống xác thực mã hợp lệ; Dòng 'Giảm giá voucher' hiển thị trừ `-150.000đ`; Tổng tiền thanh toán giảm chính xác còn `650.000đ`. | H10: Untested | I10: Blocker
A11: TC-PROMO-08 | B11: Kiểm tra Chặn Áp Dụng khi Đơn Chưa Đạt Giá Trị Tối Thiểu (Min Order Value) | C11: Giỏ hàng có giá trị nhỏ hơn điều kiện voucher | D11: 1. Giỏ hàng hiện chỉ có 1 sản phẩm trị giá `400.000đ` (< 600.000đ). 2. Vào trang `/checkout`, nhập mã `HPBD2026` -> Bấm 'Áp dụng'. 3. Quan sát thông báo của hệ thống. | E11: Đơn hàng 400.000đ | Mã: HPBD2026 (yêu cầu min 600k) | F11: Hệ thống từ chối áp dụng và hiển thị thông báo lỗi rõ ràng: 'Đơn hàng tối thiểu phải từ 600.000đ để áp dụng voucher này'; Không giảm giá. | H11: Untested | I11: Critical
A12: TC-PROMO-09 | B12: Kiểm tra Chặn Áp Dụng Mã Hết Hạn hoặc Đã Bị Vô Hiệu Hóa | C12: Mã voucher đã hết hạn hoặc bị Admin tắt | D12: 1. Tại trang Checkout, nhập mã voucher đã hết hạn hoặc mã không tồn tại `EXPIRED2025`. 2. Thử nhập mã `VELURA20` khi đã bị admin tắt kích hoạt. 3. Bấm 'Áp dụng'. | E12: Mã voucher không hợp lệ / hết hạn | F12: Hệ thống thông báo: 'Mã giảm giá không tồn tại hoặc đã hết hiệu lực'; Không cho phép trừ tiền gian lận. | H12: Untested | I12: Critical
A13: TC-PROMO-10 | B13: Kiểm tra Báo cáo Hiệu quả Khuyến Mãi bên Admin (`/admin/promotions` -> Stats) | C13: Đơn hàng có áp dụng mã `HPBD2026` đã được đặt thành công | D13: 1. Admin mở trang `/admin/promotions` -> Bấm tab 'Thống kê' (Stats). 2. Kiểm tra số lượt đã dùng của mã `HPBD2026`. 3. Kiểm tra tổng số tiền chiết khấu đã cấp và doanh thu đơn hàng mang lại. | E13: Tab Thống kê Khuyến mãi | F13: Số lượt dùng tăng lên đúng 1 lượt; Doanh thu và tiền giảm giá được tổng hợp chính xác vào báo cáo hiệu quả marketing. | H13: Untested | I13: Major

Sheet 5. Đánh Giá Sản Phẩm
A1: QUY TRÌNH 5: ĐÁNH GIÁ SẢN PHẨM ĐƠN ĐÃ GIAO, UPLOAD ẢNH THỰC TẾ, REVIEW GUEST OTP & KIỂM DUYỆT ADMIN | Tester 05: Đặng Thị Mai (Khách Đánh Giá & Kiểm Duyệt Review CSKH)
A2: Tài khoản Test: User: chau.le@gmail.test / Pass: Velura@2026 | Admin Review: admin.reviews@velura.vn / Pass: Admin@2026 | E2: URL Truy cập: Storefront: http://localhost:4200/account/reviews & /guest/reviews | Admin: http://localhost:4201/reviews | H2: Tổng Test Cases: | I2: =COUNTA(A4:A13) | J2: Mục tiêu: Đạt 100%
A3: Mã TC | B3: Tên Kịch Bản | C3: Tiền Điều Kiện | D3: Các Bước Thực Hiện (Test Steps) | E3: Dữ Liệu Test | F3: Kết Quả Mong Đợi | G3: Kết Quả Thực Tế | H3: Trạng Thái | I3: Mức Độ | J3: Ghi Chú / Bug ID
A4: TC-REV-01 | B4: Khách hàng truy cập trang Đánh giá trên đơn DELIVERED | C4: Tài khoản thành viên có đơn hàng đã giao thành công | D4: 1. Đăng nhập tài khoản `chau.le@gmail.test`. 2. Mở 'Đánh giá của tôi' (`/account/reviews`). 3. Kiểm tra danh sách các sản phẩm đã mua đủ điều kiện để lại đánh giá. | E4: Đơn hàng DELIVERED: Đầm xòe lụa satin | F4: Hiển thị danh sách sản phẩm đã giao kèm nút 'Viết đánh giá'; Không hiển thị các sản phẩm chưa giao hoặc đã hủy. | H4: Untested | I4: Major
A5: TC-REV-02 | B5: Đánh giá số sao (1-5 sao) & Nhận xét chất lượng | C5: Mở modal/form đánh giá sản phẩm | D5: 1. Chọn xếp hạng 5 sao. 2. Nhập nhận xét: 'Chất vải lụa mềm mịn, đường may rất tỉ mỉ, mặc đi tiệc ai cũng khen. Form áo chuẩn size M.' 3. Đánh giá độ vừa vặn: 'Đúng kích thước'. | E5: Nội dung nhận xét tích cực 5 sao | F5: Các ngôi sao đổi màu vàng nổi bật; Số ký tự nhập vào hiển thị bộ đếm; Form mượt mà không bị giật lag. | H5: Untested | I5: Major
A6: TC-REV-03 | B6: Tải lên hình ảnh thực tế sản phẩm (Upload ảnh Review) | C6: User có ảnh chụp thật khi mặc váy ở nhà | D6: 1. Bấm vào icon máy ảnh 'Thêm hình ảnh thực tế'. 2. Chọn tải lên 2 file ảnh chụp sản phẩm thực tế. 3. Kiểm tra ảnh xem trước (Preview thumbnail) sắc nét. 4. Thử bấm nút xóa 1 ảnh để kiểm tra tính năng gỡ ảnh. | E6: 2 file ảnh JPG thực tế (< 5MB) | F6: Ảnh thumbnail hiển thị rõ ràng, xem trước đẹp mắt; Nút xóa ảnh hoạt động chuẩn xác; Giới hạn tối đa 5 ảnh / lần đánh giá. | H6: Untested | I6: Critical
A7: TC-REV-04 | B7: Gửi đánh giá & Nhận điểm tích lũy thành viên | C7: Form đánh giá đã điền đủ sao, nhận xét và ảnh thực tế | D7: 1. Nhấn nút 'Gửi đánh giá'. 2. Quan sát thông báo từ hệ thống và điểm thưởng tích lũy. | E7: Nút Gửi đánh giá | F7: Hiển thị thông báo thành công: 'Cảm ơn bạn! Đánh giá đã được ghi nhận và đang chờ duyệt'; Tài khoản được cộng 50 điểm thưởng. | H7: Untested | I7: Major
A8: TC-REV-05 | B8: Luồng Đánh giá Khách vãng lai qua SĐT (`/guest/reviews`) | C8: Khách mua hàng bằng hình thức Guest không tạo tài khoản | D8: 1. Truy cập trang `/guest/reviews`. 2. Nhập Số điện thoại đã đặt hàng: `0912345678`. 3. Nhấn 'Nhận mã xác thực OTP'. | E8: SĐT khách vãng lai: 0912345678 | F8: Hệ thống gửi mã OTP xác thực về Email/SĐT của đơn hàng tương ứng; Mở màn hình nhập mã OTP 6 chữ số. | H8: Untested | I8: Critical
A9: TC-REV-06 | B9: Xác thực OTP & Mở danh sách đơn hàng để Review | C9: Khách nhận được mã OTP (Mã demo kiểm thử: 123456) | D9: 1. Nhập mã OTP `123456` -> Bấm 'Xác nhận'. 2. Kiểm tra danh sách đơn hàng đã mua hiển thị trên màn hình. | E9: OTP: 123456 | F9: Xác thực OTP thành công; Hệ thống load đúng các sản phẩm khách vãng lai đã mua; Cho phép đánh giá số sao và upload ảnh bình thường. | H9: Untested | I9: Critical
A10: TC-REV-07 | B10: Admin Quản lý Đánh giá (`/admin/reviews`) - Danh sách chờ duyệt | C10: Admin kiểm duyệt đăng nhập trang quản trị | D10: 1. Mở trang `/admin/reviews`. 2. Kiểm tra tab 'Chờ duyệt' -> Thấy 2 đánh giá vừa gửi từ Member và Guest. 3. Kiểm tra hiển thị ảnh thực tế khách đã tải lên. | E10: Trang Admin Reviews | F10: Đánh giá mới hiển thị đầy đủ: Tên khách, Sản phẩm, Số sao, Nội dung nhận xét và các ảnh đính kèm; Giao diện xem ảnh to (lightbox) sắc nét. | H10: Untested | I10: Critical
A11: TC-REV-08 | B11: Admin Phê duyệt Đánh giá Hợp lệ (Approved) | C11: Đánh giá có nội dung lịch sự, ảnh chụp thật rõ ràng | D11: 1. Bấm nút 'Phê duyệt' (hoặc icon tick xanh). 2. Xác nhận duyệt đánh giá. 3. Chuyển sang tab 'Đã duyệt' kiểm tra. | E11: Duyệt review hợp lệ | F11: Trạng thái đổi sang `APPROVED`; Đánh giá lập tức hiển thị công khai trên trang chi tiết sản phẩm PDP tương ứng bên Storefront. | H11: Untested | I11: Critical
A12: TC-REV-09 | B12: Admin Từ chối / Ẩn Đánh giá Vi phạm (Spam / Từ ngữ nhạy cảm) | C12: Có đánh giá chứa quảng cáo hoặc ngôn từ không chuẩn mực | D12: 1. Tại đánh giá vi phạm, bấm nút 'Từ chối' (hoặc 'Ẩn đánh giá'). 2. Chọn lý do: 'Chứa nội dung spam hoặc từ ngữ nhạy cảm'. 3. Xác nhận ẩn. | E12: Đánh giá vi phạm tiêu chuẩn cộng đồng | F12: Đánh giá chuyển sang trạng thái `REJECTED`; Không xuất hiện bên ngoài Storefront; Lưu log lý do ẩn vào hệ thống. | H12: Untested | I12: Major
A13: TC-REV-10 | B13: Đồng bộ Điểm Đánh Giá Trung Bình & Số lượng trên PDP | C13: Đánh giá 5 sao vừa được admin duyệt ở bước TC-REV-08 | D13: 1. Mở trang PDP sản phẩm đó trên Storefront khách hàng. 2. Cuộn xuống khu vực Đánh giá khách hàng. 3. Kiểm tra số sao trung bình (VD: 4.9/5) và số lượng review tăng lên. | E13: Trang PDP Storefront | F13: Review hiển thị công khai kèm ảnh chụp thực tế có badge 'Đã mua hàng tại Velura'; Điểm đánh giá trung bình cập nhật chuẩn xác. | H13: Untested | I13: Major

Sheet 6. Quản Lý Sản Phẩm & Đơn
A1: QUY TRÌNH 6: QUẢN LÝ SẢN PHẨM & BIẾN THỂ TỒN KHO, VẬN HÀNH ĐƠN HÀNG, GÁN 3PL & RBAC | Tester 06: Vũ Minh Tuấn (Quản Trị Viên Catalog & Điều Phối Kho Fulfillment)
A2: Tài khoản Test: Admin Kho & Catalog: admin.operator@velura.vn / Pass: Admin@2026 (Role: admin_operator_sanpham & donhang) | E2: URL Truy cập: Admin Products: http://localhost:4201/products | Admin Orders: http://localhost:4201/orders | H2: Tổng Test Cases: | I2: =COUNTA(A4:A13) | J2: Mục tiêu: Đạt 100%
A3: Mã TC | B3: Tên Kịch Bản | C3: Tiền Điều Kiện | D3: Các Bước Thực Hiện (Test Steps) | E3: Dữ Liệu Test | F3: Kết Quả Mong Đợi | G3: Kết Quả Thực Tế | H3: Trạng Thái | I3: Mức Độ | J3: Ghi Chú / Bug ID
A4: TC-ADMIN-01 | B4: Admin Quản lý Sản phẩm (`/admin/products`) - Danh sách & Bộ lọc | C4: Admin Catalog đăng nhập trang quản trị | D4: 1. Mở menu 'Sản phẩm' (`/admin/products`). 2. Tìm kiếm sản phẩm theo tên hoặc mã SKU. 3. Lọc theo danh mục và trạng thái còn hàng / hết hàng. | E4: Trang Admin Products | F4: Bảng danh sách sản phẩm hiển thị mượt mà; Hiển thị ảnh đại diện, giá bán, tổng tồn kho và các biến thể kích thước. | H4: Untested | I4: Major
A5: TC-ADMIN-02 | B5: Thêm mới Sản phẩm Đa Biến thể (SKU Matrix) | C5: Đang ở trang `/admin/products` | D5: 1. Nhấn nút 'Thêm sản phẩm mới'. 2. Nhập Tên sản phẩm: 'Đầm Dạ Hội Lụa Hoàng Gia Velura'. 3. Chọn Danh mục: 'Đầm', Chất liệu: 'Lụa Tơ Tằm'. 4. Tạo ma trận biến thể: Màu (Đen, Đỏ Ruby) x Size (S, M, L). | E5: Sản phẩm mới với 6 biến thể SKU | F5: Ma trận biến thể được tự động tạo với 6 mã SKU riêng biệt; Cho phép nhập giá bán và số lượng tồn kho cho từng biến thể. | G5: Đã tạo thành công sản phẩm với ma trận 6 SKU, cho phép chỉnh sửa tồn kho/giá trước khi lưu. Drawer thêm biến thể có trạng thái loading và thông báo chuẩn. PDP Storefront vô hiệu hóa nút mua & hiển thị badge Hết hàng khi chọn SKU tồn kho = 0. | H5: Passed | I5: Critical | J5: Đã khắc phục lỗi tạo biến thể & out-of-stock PDP (KAN-32)
A6: TC-ADMIN-03 | B6: Thiết lập Biến thể Tồn kho = 0 & Kiểm tra Đồng bộ Storefront | C6: Đang cấu hình tồn kho cho sản phẩm mới | D6: 1. Thiết lập biến thể Màu Đỏ Ruby - Size S có tồn kho = 0. 2. Thiết lập biến thể Màu Đỏ Ruby - Size M có tồn kho = 15. 3. Bấm 'Lưu sản phẩm' -> Mở trang PDP sản phẩm đó bên Storefront. | E6: Biến thể Đỏ Ruby - S (Stock = 0) | F6: Bên Storefront, khi khách bấm chọn Màu Đỏ Ruby - Size S: Nút 'Thêm vào giỏ' và 'Mua ngay' lập tức bị vô hiệu hóa (disabled), hiển thị badge 'Hết hàng'. | H6: Untested | I6: Blocker
A7: TC-ADMIN-04 | B7: Cập nhật Giá Khuyến Mãi & Trạng thái Bán | C7: Sản phẩm đang hoạt động | D7: 1. Chỉnh sửa giá niêm yết từ 1.200.000đ xuống giá sale 950.000đ. 2. Lưu thay đổi -> Kiểm tra bên Storefront. | E7: Giá gốc: 1.200.000đ -> Sale: 950.000đ | F7: Giá sale cập nhật tức thì trên Storefront; Hiển thị badge giảm giá `-21%` kèm giá gạch mờ chuẩn xác. | H7: Untested | I7: Major
A8: TC-ADMIN-05 | B8: Admin Quản lý Đơn hàng (`/admin/orders`) - Tiếp nhận Đơn mới | C8: Đơn hàng mới vừa được đặt từ Tester 02 | D8: 1. Mở trang `/admin/orders`. 2. Kiểm tra đơn hàng mới xuất hiện ở đầu danh sách trạng thái `PENDING`. 3. Bấm xem chi tiết đơn hàng. | E8: Đơn hàng mới phát sinh | F8: Thông tin đơn hàng hiển thị đầy đủ: Mã đơn, Khách hàng, Danh sách sản phẩm, Địa chỉ, Số tiền và phương thức COD/Stripe. | H8: Untested | I8: Critical
A9: TC-ADMIN-06 | B9: Ghi Log Cuộc gọi Xác nhận Đơn hàng COD có Rủi ro | C9: Đơn hàng COD giá trị cao (> 2.000.000đ) cần gọi điện xác minh | D9: 1. Tại chi tiết đơn hàng, bấm nút 'Ghi nhận cuộc gọi'. 2. Chọn kết quả: 'Khách hàng xác nhận lấy hàng đúng hẹn'. 3. Bấm 'Phê duyệt đơn hàng'. | E9: Log cuộc gọi xác minh COD | F9: Hệ thống lưu lại log cuộc gọi kèm nhân viên thực hiện và thời gian; Trạng thái đơn chuyển từ `PENDING` sang `CONFIRMED`. | H9: Untested | I9: Major
A10: TC-ADMIN-07 | B10: Đóng gói, Xuất kho & Gán Mã Vận Đơn 3PL (ViettelPost) | C10: Đơn hàng đang ở trạng thái CONFIRMED | D10: 1. Bấm nút 'Xuất kho & Giao hàng'. 2. Chọn Đơn vị vận chuyển: 'Viettel Post'. 3. Nhập Mã vận đơn: `VTP-883921094`. 4. Bấm 'Bàn giao vận chuyển'. | E10: Đơn vị: Viettel Post | Mã: VTP-883921094 | F10: Trạng thái đơn hàng đổi thành `SHIPPING`; Mã vận đơn 3PL được đồng bộ sang màn hình tra cứu của khách hàng. | H10: Untested | I10: Blocker
A11: TC-ADMIN-08 | B11: Đồng bộ Tiến trình Giao nhận sang Màn hình Tra cứu Khách hàng | C11: Đơn hàng đã được gán mã 3PL | D11: 1. Mở trang tra cứu của khách (`/account/track` hoặc `/account/orders`). 2. Kiểm tra thông tin vận chuyển. | E11: Màn hình tra cứu Storefront | F11: Khách hàng thấy ngay trạng thái 'Đang vận chuyển', hiển thị đơn vị Viettel Post và mã vận đơn có link bấm tra cứu trên bưu cục. | H11: Untested | I11: Critical
A12: TC-ADMIN-09 | B12: Hoàn tất Giao hàng (DELIVERED) & Chốt chu trình đơn | C12: Đơn hàng giao thành công | D12: 1. Admin cập nhật trạng thái đơn sang 'Đã giao hàng' (`DELIVERED`). 2. Kiểm tra bên Storefront của khách. | E12: Chuyển trạng thái DELIVERED | F12: Đơn hàng chuyển sang `DELIVERED`; Giao diện khách hàng xuất hiện nút 'Đánh giá sản phẩm' và nút 'Yêu cầu đổi / trả' trong 30 ngày. | H12: Untested | I12: Blocker
A13: TC-ADMIN-10 | B13: Kiểm tra Phân quyền RBAC & Nhật ký Thao tác (Audit Trail) | C13: Đăng nhập các tài khoản Admin khác nhau | D13: 1. Đăng nhập tài khoản Kho: Thử truy cập trang Quản lý tài khoản (`/admin/accounts`) -> Bị chặn 403. 2. Mở 'Nhật ký hệ thống' (`/admin/logs`). 3. Kiểm tra lịch sử thao tác thêm sản phẩm, duyệt đơn, gán mã 3PL. | E13: Trang `/admin/logs` | F13: Quyền hạn được kiểm soát nghiêm ngặt theo vai trò; Mọi thao tác quan trọng đều được ghi vết thời gian và người thực hiện rõ ràng. | H13: Untested | I13: Critical

Sheet Nhật ký Báo cáo Bug UAT
A1: NHẬT KÝ THEO DÕI VÀ BÁO CÁO LỖI PHÁT SINH TRONG QUÁ TRÌNH UAT (DEFECT LOG)
A2: Bug ID | B2: Quy Trình / Tab | C2: Mã TC Liên Quan | D2: Tóm Tắt Lỗi (Defect Summary) | E2: Mức Độ | F2: Các Bước Tái Hiện (Steps to Reproduce) | G2: Kết Quả Thực Tế Bị Lỗi | H2: Người Báo Lỗi | I2: Trạng Thái Fix | J2: Dev Phụ Trách | K2: Ghi Chú / Link PR Fix
A3: BUG-001 | B3: 1. Thêm Giỏ Hàng & PDP | C3: TC-CART-04 | D3: Biến thể hết hàng tồn kho nhưng nút Mua ngay không bị vô hiệu hóa | E3: Blocker | F3: 1. Chọn sản phẩm SP-001. 2. Chọn Màu Đen, Size XL (Stock = 0). 3. Nút Mua ngay vẫn bấm được và chuyển sang Checkout. | G3: Cho phép đặt hàng sản phẩm không còn trong kho dẫn đến âm tồn kho. | H3: Nguyễn Thị Ánh | I3: Fixed | J3: Dev Core | K3: PR #142 (Closed)
A4: BUG-002 | B4: 3. Hủy Đơn & Đổi Trả | C4: TC-RMA-06 | D4: Số tiền hoàn đổi trả cho phép sửa tay dẫn đến nguy cơ sai lệch kế toán | E4: Critical | F4: 1. Mở form yêu cầu đổi trả `/account/returns`. 2. Chọn hình thức hoàn tiền. 3. Ô số tiền cho phép gõ số tiền lớn hơn hóa đơn gốc. | G4: Khách hàng có thể gian lận sửa số tiền hoàn cao hơn thực tế. | H4: Lê Hoàng Châu | I4: Fixed | J4: Dev Core | K4: PR #145 (Closed)
A5: BUG-003 | B5: 4. Khuyến Mãi & Voucher | C5: TC-PROMO-08 | D5: Voucher không kiểm tra điều kiện giá trị đơn hàng tối thiểu tại Checkout | E5: Critical | F5: 1. Giỏ hàng 300.000đ. 2. Nhập mã VELURA20 (yêu cầu min 500k). 3. Hệ thống vẫn trừ tiền 20% bình thường. | G5: Sai lệch chính sách marketing, vi phạm biên lợi nhuận công ty. | H5: Phạm Văn Dũng | I5: Fixed | J5: Dev Core | K5: PR #148 (Closed)
A6: BUG-004 | B6: 5. Đánh Giá Sản Phẩm | C6: TC-REV-03 | D6: Tải ảnh đánh giá bị lỗi tràn màn hình khi upload 3 ảnh cùng lúc | E6: Major | F6: 1. Tại form đánh giá chọn tải lên 3 ảnh JPG. 2. Thumbnails preview bị tràn ra khỏi modal không xem được nút xóa. | G6: Giao diện bị vỡ trên màn hình tablet/mobile. | H6: Đặng Thị Mai | I6: Fixed | J6: Dev Frontend | K6: PR #150 (Closed)
A7: BUG-005
A8: BUG-006
A9: BUG-007
A10: BUG-008
A11: BUG-009
A12: BUG-010
A13: BUG-011
A14: BUG-012
A15: BUG-013
A16: BUG-014
A17: BUG-015
A18: BUG-016
... A23: BUG-021
